--------------------------------------------------------
--  File created - Wednesday-February-03-2016   
--------------------------------------------------------
REM INSERTING into SYS.CATEGORY_SUB_CATEGORY
SET DEFINE OFF;
Insert into SYS.CATEGORY_SUB_CATEGORY (CATEGORY_ID,SUB_CATEGORY_ID) values ('BCT1','BSCT1');
Insert into SYS.CATEGORY_SUB_CATEGORY (CATEGORY_ID,SUB_CATEGORY_ID) values ('BCT2','BSCT2');
Insert into SYS.CATEGORY_SUB_CATEGORY (CATEGORY_ID,SUB_CATEGORY_ID) values ('BCT3','BSCT3');
Insert into SYS.CATEGORY_SUB_CATEGORY (CATEGORY_ID,SUB_CATEGORY_ID) values ('BCT4','BSCT4');
Insert into SYS.CATEGORY_SUB_CATEGORY (CATEGORY_ID,SUB_CATEGORY_ID) values ('BCT5','BSCT5');
Insert into SYS.CATEGORY_SUB_CATEGORY (CATEGORY_ID,SUB_CATEGORY_ID) values ('BCT6','BSCT4');
Insert into SYS.CATEGORY_SUB_CATEGORY (CATEGORY_ID,SUB_CATEGORY_ID) values ('BCT7','BSCT6');
Insert into SYS.CATEGORY_SUB_CATEGORY (CATEGORY_ID,SUB_CATEGORY_ID) values ('BCT8','BSCT7');
REM INSERTING into SYS.CONTENT
SET DEFINE OFF;
REM INSERTING into SYS.COMPLEMENTS
SET DEFINE OFF;
Insert into SYS.COMPLEMENTS (ID,MESSAGE,TO_USER,BY_USER) values ('C1','Hey Cool','Y1','Y7');
Insert into SYS.COMPLEMENTS (ID,MESSAGE,TO_USER,BY_USER) values ('C2','Hey Cool','Y1','Y9');
Insert into SYS.COMPLEMENTS (ID,MESSAGE,TO_USER,BY_USER) values ('C3','Hey Cool','Y3','Y6');
Insert into SYS.COMPLEMENTS (ID,MESSAGE,TO_USER,BY_USER) values ('C4','Hey Cool','Y4','Y11');
Insert into SYS.COMPLEMENTS (ID,MESSAGE,TO_USER,BY_USER) values ('C5','Hey Cool','Y6','Y4');
Insert into SYS.COMPLEMENTS (ID,MESSAGE,TO_USER,BY_USER) values ('C6','Hey Cool','Y7','Y3');
Insert into SYS.COMPLEMENTS (ID,MESSAGE,TO_USER,BY_USER) values ('C7','Hey Cool','Y8','Y6');
Insert into SYS.COMPLEMENTS (ID,MESSAGE,TO_USER,BY_USER) values ('C8','Hey Cool','Y9','Y2');
Insert into SYS.COMPLEMENTS (ID,MESSAGE,TO_USER,BY_USER) values ('C9','Hey Cool','Y11','Y5');
Insert into SYS.COMPLEMENTS (ID,MESSAGE,TO_USER,BY_USER) values ('C10','Hey Cool','Y12','Y11');
REM INSERTING into SYS.USERS
SET DEFINE OFF;
Insert into SYS.USERS (FIRST_NAME,LAST_NAME,YELP_ID,EMAIL,BIRTH_PLACE,BIRTH_DATE,GENDER) values ('John ','Smith     ','Y1','john@yahoo.com','FL',to_date('12-DEC-92','DD-MON-RR'),'M');
Insert into SYS.USERS (FIRST_NAME,LAST_NAME,YELP_ID,EMAIL,BIRTH_PLACE,BIRTH_DATE,GENDER) values ('Juan ','Carlos      ','Y2','juan@gmail.com','AK',to_date('07-FEB-88','DD-MON-RR'),'M');
Insert into SYS.USERS (FIRST_NAME,LAST_NAME,YELP_ID,EMAIL,BIRTH_PLACE,BIRTH_DATE,GENDER) values ('Jane ','Chapel      ','Y3','Jane@gmail.com','IL',to_date('01-JUN-80','DD-MON-RR'),'F');
Insert into SYS.USERS (FIRST_NAME,LAST_NAME,YELP_ID,EMAIL,BIRTH_PLACE,BIRTH_DATE,GENDER) values ('Aditya','Awasthi','Y4','adi@yahoo.com','CA',to_date('12-APR-94','DD-MON-RR'),'M');
Insert into SYS.USERS (FIRST_NAME,LAST_NAME,YELP_ID,EMAIL,BIRTH_PLACE,BIRTH_DATE,GENDER) values ('James ','Williams     ','Y5','james@hotmail.com','NY',to_date('05-MAY-91','DD-MON-RR'),'M');
Insert into SYS.USERS (FIRST_NAME,LAST_NAME,YELP_ID,EMAIL,BIRTH_PLACE,BIRTH_DATE,GENDER) values ('Mike ','Brown      ','Y6','mike@yahoo.com','NC',to_date('01-MAR-88','DD-MON-RR'),'M');
Insert into SYS.USERS (FIRST_NAME,LAST_NAME,YELP_ID,EMAIL,BIRTH_PLACE,BIRTH_DATE,GENDER) values ('Bob ','Jones     ','Y7','bob@yahoo.com','NY ',to_date('19-FEB-70','DD-MON-RR'),'M');
Insert into SYS.USERS (FIRST_NAME,LAST_NAME,YELP_ID,EMAIL,BIRTH_PLACE,BIRTH_DATE,GENDER) values (' Wei ','Zhang ','Y8','wei@gmail.com','NV',to_date('18-MAR-75','DD-MON-RR'),'F');
Insert into SYS.USERS (FIRST_NAME,LAST_NAME,YELP_ID,EMAIL,BIRTH_PLACE,BIRTH_DATE,GENDER) values ('Mark ','Davis   ','Y9','mark@gmail.com','CA',to_date('02-NOV-93','DD-MON-RR'),'M');
Insert into SYS.USERS (FIRST_NAME,LAST_NAME,YELP_ID,EMAIL,BIRTH_PLACE,BIRTH_DATE,GENDER) values ('Daniel  ','Garcia      ','Y10','daniel@yahoo.com','NJ',to_date('10-MAY-84','DD-MON-RR'),'M');
Insert into SYS.USERS (FIRST_NAME,LAST_NAME,YELP_ID,EMAIL,BIRTH_PLACE,BIRTH_DATE,GENDER) values ('Maria','Rodriguez        ','Y11','maria@hotmail.com','CA',to_date('12-AUG-85','DD-MON-RR'),'F');
Insert into SYS.USERS (FIRST_NAME,LAST_NAME,YELP_ID,EMAIL,BIRTH_PLACE,BIRTH_DATE,GENDER) values ('Freya','Wilson     ','Y12','freya@yahoo.com','NJ',to_date('05-OCT-95','DD-MON-RR'),'F');
REM INSERTING into SYS.FRIEND_IDS
SET DEFINE OFF;
Insert into SYS.FRIEND_IDS (USER_ID,FRIEND_ID) values ('Y1','Y2');
Insert into SYS.FRIEND_IDS (USER_ID,FRIEND_ID) values ('Y1','Y7');
Insert into SYS.FRIEND_IDS (USER_ID,FRIEND_ID) values ('Y1','Y9');
Insert into SYS.FRIEND_IDS (USER_ID,FRIEND_ID) values ('Y11','Y3');
Insert into SYS.FRIEND_IDS (USER_ID,FRIEND_ID) values ('Y11','Y5');
Insert into SYS.FRIEND_IDS (USER_ID,FRIEND_ID) values ('Y12','Y11');
Insert into SYS.FRIEND_IDS (USER_ID,FRIEND_ID) values ('Y3','Y11');
Insert into SYS.FRIEND_IDS (USER_ID,FRIEND_ID) values ('Y3','Y5');
Insert into SYS.FRIEND_IDS (USER_ID,FRIEND_ID) values ('Y3','Y6');
Insert into SYS.FRIEND_IDS (USER_ID,FRIEND_ID) values ('Y4','Y11');
Insert into SYS.FRIEND_IDS (USER_ID,FRIEND_ID) values ('Y4','Y7');
Insert into SYS.FRIEND_IDS (USER_ID,FRIEND_ID) values ('Y6','Y2');
Insert into SYS.FRIEND_IDS (USER_ID,FRIEND_ID) values ('Y6','Y4');
Insert into SYS.FRIEND_IDS (USER_ID,FRIEND_ID) values ('Y7','Y1');
Insert into SYS.FRIEND_IDS (USER_ID,FRIEND_ID) values ('Y7','Y3');
Insert into SYS.FRIEND_IDS (USER_ID,FRIEND_ID) values ('Y8','Y1');
Insert into SYS.FRIEND_IDS (USER_ID,FRIEND_ID) values ('Y8','Y6');
Insert into SYS.FRIEND_IDS (USER_ID,FRIEND_ID) values ('Y9','Y1');
Insert into SYS.FRIEND_IDS (USER_ID,FRIEND_ID) values ('Y9','Y2');
REM INSERTING into SYS.REVIEWS
SET DEFINE OFF;
Insert into SYS.REVIEWS (ID,PUBLISH_DATE,STARS,AUTHOR,BELONGS_TO_BUSINESS) values ('R1',to_timestamp_tz('02-OCT-07 09.10.54.000000000 AM -08:00','DD-MON-RR HH.MI.SSXFF AM TZR'),'3','Y11','B3');
Insert into SYS.REVIEWS (ID,PUBLISH_DATE,STARS,AUTHOR,BELONGS_TO_BUSINESS) values ('R2',to_timestamp_tz('29-SEP-07 01.45.00.000000000 PM -08:00','DD-MON-RR HH.MI.SSXFF AM TZR'),'2','Y10','B1');
Insert into SYS.REVIEWS (ID,PUBLISH_DATE,STARS,AUTHOR,BELONGS_TO_BUSINESS) values ('R3',to_timestamp_tz('29-SEP-07 10.38.25.000000000 AM -08:00','DD-MON-RR HH.MI.SSXFF AM TZR'),'4','Y2','B10');
Insert into SYS.REVIEWS (ID,PUBLISH_DATE,STARS,AUTHOR,BELONGS_TO_BUSINESS) values ('R4',to_timestamp_tz('02-OCT-07 01.05.56.000000000 PM -08:00','DD-MON-RR HH.MI.SSXFF AM TZR'),'5','Y11','B4');
Insert into SYS.REVIEWS (ID,PUBLISH_DATE,STARS,AUTHOR,BELONGS_TO_BUSINESS) values ('R5',to_timestamp_tz('25-OCT-07 05.15.00.000000000 PM -08:00','DD-MON-RR HH.MI.SSXFF AM TZR'),'5','Y1','B3');
Insert into SYS.REVIEWS (ID,PUBLISH_DATE,STARS,AUTHOR,BELONGS_TO_BUSINESS) values ('R6',to_timestamp_tz('26-SEP-07 05.15.00.000000000 PM -08:00','DD-MON-RR HH.MI.SSXFF AM TZR'),'5','Y4','B4');
Insert into SYS.REVIEWS (ID,PUBLISH_DATE,STARS,AUTHOR,BELONGS_TO_BUSINESS) values ('R7',to_timestamp_tz('26-SEP-07 05.15.00.000000000 PM -08:00','DD-MON-RR HH.MI.SSXFF AM TZR'),'5','Y9','B5');
Insert into SYS.REVIEWS (ID,PUBLISH_DATE,STARS,AUTHOR,BELONGS_TO_BUSINESS) values ('R8',to_timestamp_tz('27-SEP-07 05.15.00.000000000 PM -08:00','DD-MON-RR HH.MI.SSXFF AM TZR'),'5','Y5','B6');
Insert into SYS.REVIEWS (ID,PUBLISH_DATE,STARS,AUTHOR,BELONGS_TO_BUSINESS) values ('R9',to_timestamp_tz('28-SEP-07 05.15.00.000000000 PM -08:00','DD-MON-RR HH.MI.SSXFF AM TZR'),'5','Y12','B7');
Insert into SYS.REVIEWS (ID,PUBLISH_DATE,STARS,AUTHOR,BELONGS_TO_BUSINESS) values ('R10',to_timestamp_tz('29-OCT-07 05.15.00.000000000 PM -08:00','DD-MON-RR HH.MI.SSXFF AM TZR'),'5','Y5','B8');
Insert into SYS.REVIEWS (ID,PUBLISH_DATE,STARS,AUTHOR,BELONGS_TO_BUSINESS) values ('R11',to_timestamp_tz('30-SEP-07 05.15.00.000000000 PM -08:00','DD-MON-RR HH.MI.SSXFF AM TZR'),'5','Y1','B9');
Insert into SYS.REVIEWS (ID,PUBLISH_DATE,STARS,AUTHOR,BELONGS_TO_BUSINESS) values ('R12',to_timestamp_tz('25-OCT-07 05.15.00.000000000 PM -08:00','DD-MON-RR HH.MI.SSXFF AM TZR'),'5','Y12','B10');
Insert into SYS.REVIEWS (ID,PUBLISH_DATE,STARS,AUTHOR,BELONGS_TO_BUSINESS) values ('R13',to_timestamp_tz('25-SEP-07 05.15.00.000000000 PM -08:00','DD-MON-RR HH.MI.SSXFF AM TZR'),'5','Y4','B11');
Insert into SYS.REVIEWS (ID,PUBLISH_DATE,STARS,AUTHOR,BELONGS_TO_BUSINESS) values ('R14',to_timestamp_tz('25-SEP-07 05.15.00.000000000 PM -08:00','DD-MON-RR HH.MI.SSXFF AM TZR'),'5','Y5','B12');
Insert into SYS.REVIEWS (ID,PUBLISH_DATE,STARS,AUTHOR,BELONGS_TO_BUSINESS) values ('R15',to_timestamp_tz('29-SEP-07 05.15.00.000000000 PM -08:00','DD-MON-RR HH.MI.SSXFF AM TZR'),'5','Y1','B13');
Insert into SYS.REVIEWS (ID,PUBLISH_DATE,STARS,AUTHOR,BELONGS_TO_BUSINESS) values ('R16',to_timestamp_tz('07-JUN-15 05.15.00.000000000 PM -08:00','DD-MON-RR HH.MI.SSXFF AM TZR'),'2','Y11','B2');
Insert into SYS.REVIEWS (ID,PUBLISH_DATE,STARS,AUTHOR,BELONGS_TO_BUSINESS) values ('R17',to_timestamp_tz('05-MAY-15 05.15.00.000000000 PM -08:00','DD-MON-RR HH.MI.SSXFF AM TZR'),'1','Y4','B2');
Insert into SYS.REVIEWS (ID,PUBLISH_DATE,STARS,AUTHOR,BELONGS_TO_BUSINESS) values ('R18',to_timestamp_tz('05-MAY-15 05.15.00.000000000 PM -08:00','DD-MON-RR HH.MI.SSXFF AM TZR'),'1','Y1','B2');
Insert into SYS.REVIEWS (ID,PUBLISH_DATE,STARS,AUTHOR,BELONGS_TO_BUSINESS) values ('R19',to_timestamp_tz('25-OCT-07 05.15.00.000000000 PM -08:00','DD-MON-RR HH.MI.SSXFF AM TZR'),'1','Y10','B3');
Insert into SYS.REVIEWS (ID,PUBLISH_DATE,STARS,AUTHOR,BELONGS_TO_BUSINESS) values ('R20',to_timestamp_tz('28-SEP-07 05.15.00.000000000 PM -08:00','DD-MON-RR HH.MI.SSXFF AM TZR'),'1','Y1','B4');
Insert into SYS.REVIEWS (ID,PUBLISH_DATE,STARS,AUTHOR,BELONGS_TO_BUSINESS) values ('R21',to_timestamp_tz('07-JUN-15 05.15.00.000000000 PM -08:00','DD-MON-RR HH.MI.SSXFF AM TZR'),'6','Y11','B14');
Insert into SYS.REVIEWS (ID,PUBLISH_DATE,STARS,AUTHOR,BELONGS_TO_BUSINESS) values ('R22',to_timestamp_tz('05-MAY-15 05.15.00.000000000 PM -08:00','DD-MON-RR HH.MI.SSXFF AM TZR'),'3','Y4','B14');
Insert into SYS.REVIEWS (ID,PUBLISH_DATE,STARS,AUTHOR,BELONGS_TO_BUSINESS) values ('R23',to_timestamp_tz('05-MAY-15 05.15.00.000000000 PM -08:00','DD-MON-RR HH.MI.SSXFF AM TZR'),'3','Y1','B14');
REM INSERTING into SYS.PHOTO
SET DEFINE OFF;
REM INSERTING into SYS.COMMENTS
SET DEFINE OFF;
Insert into SYS.COMMENTS (REVIEW_ID,AUTHOR_ID,TEXTUAL_CONTENT,COMMENT_DATE) values ('R2','Y3',null,null);
Insert into SYS.COMMENTS (REVIEW_ID,AUTHOR_ID,TEXTUAL_CONTENT,COMMENT_DATE) values ('R2','Y2',null,null);
Insert into SYS.COMMENTS (REVIEW_ID,AUTHOR_ID,TEXTUAL_CONTENT,COMMENT_DATE) values ('R3','Y3',null,null);
Insert into SYS.COMMENTS (REVIEW_ID,AUTHOR_ID,TEXTUAL_CONTENT,COMMENT_DATE) values ('R7','Y8',null,null);
Insert into SYS.COMMENTS (REVIEW_ID,AUTHOR_ID,TEXTUAL_CONTENT,COMMENT_DATE) values ('R7','Y11',null,null);
Insert into SYS.COMMENTS (REVIEW_ID,AUTHOR_ID,TEXTUAL_CONTENT,COMMENT_DATE) values ('R15','Y8',null,null);
Insert into SYS.COMMENTS (REVIEW_ID,AUTHOR_ID,TEXTUAL_CONTENT,COMMENT_DATE) values ('R16','Y8',null,null);
Insert into SYS.COMMENTS (REVIEW_ID,AUTHOR_ID,TEXTUAL_CONTENT,COMMENT_DATE) values ('R20','Y7',null,null);
Insert into SYS.COMMENTS (REVIEW_ID,AUTHOR_ID,TEXTUAL_CONTENT,COMMENT_DATE) values ('R20','Y10',null,null);
REM INSERTING into SYS.SUB_CATEGORY
SET DEFINE OFF;
Insert into SYS.SUB_CATEGORY (ID,NAME) values ('BSCT1','Water Parks');
Insert into SYS.SUB_CATEGORY (ID,NAME) values ('BSCT2','Wildlife National Parks');
Insert into SYS.SUB_CATEGORY (ID,NAME) values ('BSCT3','Career Counselling for kids');
Insert into SYS.SUB_CATEGORY (ID,NAME) values ('BSCT4','Ice-cream and Yougurt');
Insert into SYS.SUB_CATEGORY (ID,NAME) values ('BSCT5','Sports bar');
Insert into SYS.SUB_CATEGORY (ID,NAME) values ('BSCT6','Ice-cream and Yougurt');
Insert into SYS.SUB_CATEGORY (ID,NAME) values ('BSCT7','Swimming pool cleaners');
REM INSERTING into SYS.CATEGORY
SET DEFINE OFF;
Insert into SYS.CATEGORY (ID,NAME) values ('BCT1','Amusement Parks');
Insert into SYS.CATEGORY (ID,NAME) values ('BCT2','National Parks');
Insert into SYS.CATEGORY (ID,NAME) values ('BCT3','Career Counseling');
Insert into SYS.CATEGORY (ID,NAME) values ('BCT4','Food and More');
Insert into SYS.CATEGORY (ID,NAME) values ('BCT5','Bars');
Insert into SYS.CATEGORY (ID,NAME) values ('BCT6','Restaurents');
Insert into SYS.CATEGORY (ID,NAME) values ('BCT7','Pool Cleaners');
Insert into SYS.CATEGORY (ID,NAME) values ('BCT8','Coffee Shops');
REM INSERTING into SYS.BUSINESS
SET DEFINE OFF;
Insert into SYS.BUSINESS (ID,NAME,STREET,STATE,ZIPCODE,LATITUDE,LONGITUDE,CATEGORY,HOURS,DAYS_OF_OPERATION) values ('B1','Big Surf','1500 N McClintock Dr, Tempe','AZ','85281',null,null,'BCT1',null,'Mon, Tue, Wed');
Insert into SYS.BUSINESS (ID,NAME,STREET,STATE,ZIPCODE,LATITUDE,LONGITUDE,CATEGORY,HOURS,DAYS_OF_OPERATION) values ('B2','SMITH THOMSON ','1595 Spring Hill Road Suite 110 Vienna ','VA','22182',null,null,'BCT6',null,'Mon, Tue, Wed, Thu');
Insert into SYS.BUSINESS (ID,NAME,STREET,STATE,ZIPCODE,LATITUDE,LONGITUDE,CATEGORY,HOURS,DAYS_OF_OPERATION) values ('B3','Bay Area Coffee Shop','1522 W. Sam Rayburn Dr. Bonham','CA','95051',null,null,'BCT8',null,'Mon, Tue, Wed');
Insert into SYS.BUSINESS (ID,NAME,STREET,STATE,ZIPCODE,LATITUDE,LONGITUDE,CATEGORY,HOURS,DAYS_OF_OPERATION) values ('B4','China  Coffee Toffee ','2570 El Camino Real, Santa Clara','CA','95051',null,null,'BCT4',null,'Mon, Tue, Wed');
Insert into SYS.BUSINESS (ID,NAME,STREET,STATE,ZIPCODE,LATITUDE,LONGITUDE,CATEGORY,HOURS,DAYS_OF_OPERATION) values ('B5','Hastings Water Works','10331 Brecksville Rd. Brecksville','OH','44141',null,null,'BCT7',null,'Mon, Tue, Wed');
Insert into SYS.BUSINESS (ID,NAME,STREET,STATE,ZIPCODE,LATITUDE,LONGITUDE,CATEGORY,HOURS,DAYS_OF_OPERATION) values ('B6','Catch Your Big Break','2341 Roosevelt Ct Santa Clara','CA','95051',null,null,'BCT3',null,'Mon, Tue, Wed, Thu, Fri, Sat, Sun');
Insert into SYS.BUSINESS (ID,NAME,STREET,STATE,ZIPCODE,LATITUDE,LONGITUDE,CATEGORY,HOURS,DAYS_OF_OPERATION) values ('B7','The Cinebar','2O285 South Western Ave., Suite # 2OO, Torrance','CA','9O5O1',null,null,'BCT5',null,'Mon, Tue, Wed, Thu');
Insert into SYS.BUSINESS (ID,NAME,STREET,STATE,ZIPCODE,LATITUDE,LONGITUDE,CATEGORY,HOURS,DAYS_OF_OPERATION) values ('B8','Coffee Bar & Bistro','2585 El Camino Real Santa Clara','CA',null,null,null,'BCT5',null,'Mon, Tue, Wed');
Insert into SYS.BUSINESS (ID,NAME,STREET,STATE,ZIPCODE,LATITUDE,LONGITUDE,CATEGORY,HOURS,DAYS_OF_OPERATION) values ('B9','Hobee''s','90 Skyport Dr San Jose','CA','95110',null,null,'BCT6',null,'Mon, Tue, Wed, Thu, Fri');
Insert into SYS.BUSINESS (ID,NAME,STREET,STATE,ZIPCODE,LATITUDE,LONGITUDE,CATEGORY,HOURS,DAYS_OF_OPERATION) values ('B10','Cafe Gourmet','80 N Market St San Jose','CA','95113',null,null,'BCT6',null,'Mon, Tue');
Insert into SYS.BUSINESS (ID,NAME,STREET,STATE,ZIPCODE,LATITUDE,LONGITUDE,CATEGORY,HOURS,DAYS_OF_OPERATION) values ('B11','Yellow Stone National Park','Yellow Stone National Park','WY','82190',null,null,'BCT2',null,'Mon, Fri, Sat, Sun');
Insert into SYS.BUSINESS (ID,NAME,STREET,STATE,ZIPCODE,LATITUDE,LONGITUDE,CATEGORY,HOURS,DAYS_OF_OPERATION) values ('B12','Petrified Forest National Park','P.O. Box 221','AZ ','860289',null,null,'BCT2',null,'Mon, Tue, Sun');
Insert into SYS.BUSINESS (ID,NAME,STREET,STATE,ZIPCODE,LATITUDE,LONGITUDE,CATEGORY,HOURS,DAYS_OF_OPERATION) values ('B13','Grand Canyon National park','Highway 64','AZ','86023',null,null,'BCT2',null,'Mon, Sat, Sun');
Insert into SYS.BUSINESS (ID,NAME,STREET,STATE,ZIPCODE,LATITUDE,LONGITUDE,CATEGORY,HOURS,DAYS_OF_OPERATION) values ('B35','Connecticut Bar','5847 San Felipe, Suite 2400 Houston','TX','77057',null,null,'BCT5',null,'Mon, Thu, Sun');
Insert into SYS.BUSINESS (ID,NAME,STREET,STATE,ZIPCODE,LATITUDE,LONGITUDE,CATEGORY,HOURS,DAYS_OF_OPERATION) values ('B36','Sherley''s Bar & Restaurent','1132 Terry Road, Hartford','CT','6105',null,null,'BCT5',null,'Mon, Wed, Sun');
Insert into SYS.BUSINESS (ID,NAME,STREET,STATE,ZIPCODE,LATITUDE,LONGITUDE,CATEGORY,HOURS,DAYS_OF_OPERATION) values ('B14','Connecticut Bar & Restaurent','1133 Terry Road, Hartford','CT','6105',null,null,'BCT5',null,'Mon, Wed, Sun');
REM INSERTING into SYS.AMBIENT
SET DEFINE OFF;
Insert into SYS.AMBIENT (TYPE,BELONGS_TO_BUSSINES) values ('Touristy','B1');
Insert into SYS.AMBIENT (TYPE,BELONGS_TO_BUSSINES) values ('Touristy','B2');
Insert into SYS.AMBIENT (TYPE,BELONGS_TO_BUSSINES) values ('Touristy','B3');
Insert into SYS.AMBIENT (TYPE,BELONGS_TO_BUSSINES) values ('Touristy','B4');
REM INSERTING into SYS.VOTES
SET DEFINE OFF;
REM INSERTING into SYS.PARKING
SET DEFINE OFF;
REM INSERTING into SYS.CHECK_IN_LOG
SET DEFINE OFF;
Insert into SYS.CHECK_IN_LOG (ID,USER_ID,BUSINESS_ID) values ('Ck1','Y1','B3');
Insert into SYS.CHECK_IN_LOG (ID,USER_ID,BUSINESS_ID) values ('Ck2','Y1','B2');
Insert into SYS.CHECK_IN_LOG (ID,USER_ID,BUSINESS_ID) values ('Ck3','Y1','B13');
Insert into SYS.CHECK_IN_LOG (ID,USER_ID,BUSINESS_ID) values ('Ck4','Y1','B35');
Insert into SYS.CHECK_IN_LOG (ID,USER_ID,BUSINESS_ID) values ('Ck5','Y1','B36');
Insert into SYS.CHECK_IN_LOG (ID,USER_ID,BUSINESS_ID) values ('Ck6','Y1','B5');
Insert into SYS.CHECK_IN_LOG (ID,USER_ID,BUSINESS_ID) values ('Ck7','Y1','B4');
Insert into SYS.CHECK_IN_LOG (ID,USER_ID,BUSINESS_ID) values ('Ck8','Y1','B9');
Insert into SYS.CHECK_IN_LOG (ID,USER_ID,BUSINESS_ID) values ('Ck9','Y2','B10');
Insert into SYS.CHECK_IN_LOG (ID,USER_ID,BUSINESS_ID) values ('Ck10','Y2','B5');
Insert into SYS.CHECK_IN_LOG (ID,USER_ID,BUSINESS_ID) values ('Ck11','Y2','B11');
Insert into SYS.CHECK_IN_LOG (ID,USER_ID,BUSINESS_ID) values ('Ck12','Y2','B2');
Insert into SYS.CHECK_IN_LOG (ID,USER_ID,BUSINESS_ID) values ('Ck13','Y2','B36');
Insert into SYS.CHECK_IN_LOG (ID,USER_ID,BUSINESS_ID) values ('Ck14','Y2','B35');
Insert into SYS.CHECK_IN_LOG (ID,USER_ID,BUSINESS_ID) values ('Ck15','Y4','B4');
Insert into SYS.CHECK_IN_LOG (ID,USER_ID,BUSINESS_ID) values ('Ck16','Y4','B11');
Insert into SYS.CHECK_IN_LOG (ID,USER_ID,BUSINESS_ID) values ('Ck17','Y4','B12');
Insert into SYS.CHECK_IN_LOG (ID,USER_ID,BUSINESS_ID) values ('Ck18','Y4','B5');
Insert into SYS.CHECK_IN_LOG (ID,USER_ID,BUSINESS_ID) values ('Ck19','Y4','B36');
Insert into SYS.CHECK_IN_LOG (ID,USER_ID,BUSINESS_ID) values ('Ck20','Y4','B35');
Insert into SYS.CHECK_IN_LOG (ID,USER_ID,BUSINESS_ID) values ('Ck21','Y4','B2');
Insert into SYS.CHECK_IN_LOG (ID,USER_ID,BUSINESS_ID) values ('Ck22','Y5','B6');
Insert into SYS.CHECK_IN_LOG (ID,USER_ID,BUSINESS_ID) values ('Ck23','Y5','B11');
Insert into SYS.CHECK_IN_LOG (ID,USER_ID,BUSINESS_ID) values ('Ck24','Y5','B12');
Insert into SYS.CHECK_IN_LOG (ID,USER_ID,BUSINESS_ID) values ('Ck25','Y5','B5');
Insert into SYS.CHECK_IN_LOG (ID,USER_ID,BUSINESS_ID) values ('Ck26','Y5','B36');
Insert into SYS.CHECK_IN_LOG (ID,USER_ID,BUSINESS_ID) values ('Ck27','Y5','B35');
Insert into SYS.CHECK_IN_LOG (ID,USER_ID,BUSINESS_ID) values ('Ck28','Y5','B8');
Insert into SYS.CHECK_IN_LOG (ID,USER_ID,BUSINESS_ID) values ('Ck29','Y6','B36');
Insert into SYS.CHECK_IN_LOG (ID,USER_ID,BUSINESS_ID) values ('Ck30','Y6','B11');
Insert into SYS.CHECK_IN_LOG (ID,USER_ID,BUSINESS_ID) values ('Ck31','Y6','B2');
Insert into SYS.CHECK_IN_LOG (ID,USER_ID,BUSINESS_ID) values ('Ck32','Y6','B3');
Insert into SYS.CHECK_IN_LOG (ID,USER_ID,BUSINESS_ID) values ('Ck33','Y6','B13');
Insert into SYS.CHECK_IN_LOG (ID,USER_ID,BUSINESS_ID) values ('Ck34','Y7','B13');
Insert into SYS.CHECK_IN_LOG (ID,USER_ID,BUSINESS_ID) values ('Ck35','Y7','B35');
Insert into SYS.CHECK_IN_LOG (ID,USER_ID,BUSINESS_ID) values ('Ck36','Y7','B36');
Insert into SYS.CHECK_IN_LOG (ID,USER_ID,BUSINESS_ID) values ('Ck37','Y7','B11');
Insert into SYS.CHECK_IN_LOG (ID,USER_ID,BUSINESS_ID) values ('Ck38','Y7','B2');
Insert into SYS.CHECK_IN_LOG (ID,USER_ID,BUSINESS_ID) values ('Ck39','Y7','B3');
Insert into SYS.CHECK_IN_LOG (ID,USER_ID,BUSINESS_ID) values ('Ck40','Y8','B11');
Insert into SYS.CHECK_IN_LOG (ID,USER_ID,BUSINESS_ID) values ('Ck41','Y8','B2');
Insert into SYS.CHECK_IN_LOG (ID,USER_ID,BUSINESS_ID) values ('Ck42','Y8','B13');
Insert into SYS.CHECK_IN_LOG (ID,USER_ID,BUSINESS_ID) values ('Ck43','Y8','B35');
Insert into SYS.CHECK_IN_LOG (ID,USER_ID,BUSINESS_ID) values ('Ck44','Y8','B36');
Insert into SYS.CHECK_IN_LOG (ID,USER_ID,BUSINESS_ID) values ('Ck45','Y8','B4');
Insert into SYS.CHECK_IN_LOG (ID,USER_ID,BUSINESS_ID) values ('Ck46','Y9','B5');
Insert into SYS.CHECK_IN_LOG (ID,USER_ID,BUSINESS_ID) values ('Ck47','Y9','B11');
Insert into SYS.CHECK_IN_LOG (ID,USER_ID,BUSINESS_ID) values ('Ck48','Y9','B2');
Insert into SYS.CHECK_IN_LOG (ID,USER_ID,BUSINESS_ID) values ('Ck49','Y9','B13');
Insert into SYS.CHECK_IN_LOG (ID,USER_ID,BUSINESS_ID) values ('Ck50','Y9','B35');
Insert into SYS.CHECK_IN_LOG (ID,USER_ID,BUSINESS_ID) values ('Ck51','Y9','B36');
Insert into SYS.CHECK_IN_LOG (ID,USER_ID,BUSINESS_ID) values ('Ck52','Y10','B1');
Insert into SYS.CHECK_IN_LOG (ID,USER_ID,BUSINESS_ID) values ('Ck53','Y10','B5');
Insert into SYS.CHECK_IN_LOG (ID,USER_ID,BUSINESS_ID) values ('Ck54','Y10','B11');
Insert into SYS.CHECK_IN_LOG (ID,USER_ID,BUSINESS_ID) values ('Ck55','Y10','B2');
Insert into SYS.CHECK_IN_LOG (ID,USER_ID,BUSINESS_ID) values ('Ck56','Y10','B36');
Insert into SYS.CHECK_IN_LOG (ID,USER_ID,BUSINESS_ID) values ('Ck57','Y10','B35');
Insert into SYS.CHECK_IN_LOG (ID,USER_ID,BUSINESS_ID) values ('Ck58','Y10','B3');
Insert into SYS.CHECK_IN_LOG (ID,USER_ID,BUSINESS_ID) values ('Ck59','Y11','B3');
Insert into SYS.CHECK_IN_LOG (ID,USER_ID,BUSINESS_ID) values ('Ck60','Y11','B4');
Insert into SYS.CHECK_IN_LOG (ID,USER_ID,BUSINESS_ID) values ('Ck61','Y11','B1');
Insert into SYS.CHECK_IN_LOG (ID,USER_ID,BUSINESS_ID) values ('Ck62','Y11','B5');
Insert into SYS.CHECK_IN_LOG (ID,USER_ID,BUSINESS_ID) values ('Ck63','Y11','B11');
Insert into SYS.CHECK_IN_LOG (ID,USER_ID,BUSINESS_ID) values ('Ck64','Y11','B2');
Insert into SYS.CHECK_IN_LOG (ID,USER_ID,BUSINESS_ID) values ('Ck65','Y11','B36');
Insert into SYS.CHECK_IN_LOG (ID,USER_ID,BUSINESS_ID) values ('Ck66','Y11','B35');
Insert into SYS.CHECK_IN_LOG (ID,USER_ID,BUSINESS_ID) values ('Ck67','Y12','B7');
Insert into SYS.CHECK_IN_LOG (ID,USER_ID,BUSINESS_ID) values ('Ck68','Y12','B10');
Insert into SYS.CHECK_IN_LOG (ID,USER_ID,BUSINESS_ID) values ('Ck69','Y12','B5');
Insert into SYS.CHECK_IN_LOG (ID,USER_ID,BUSINESS_ID) values ('Ck70','Y12','B11');
Insert into SYS.CHECK_IN_LOG (ID,USER_ID,BUSINESS_ID) values ('Ck71','Y12','B2');
Insert into SYS.CHECK_IN_LOG (ID,USER_ID,BUSINESS_ID) values ('Ck73','Y12','B35');
Insert into SYS.CHECK_IN_LOG (ID,USER_ID,BUSINESS_ID) values ('Ck74','Y12','B36');
Insert into SYS.CHECK_IN_LOG (ID,USER_ID,BUSINESS_ID) values ('Ck72','Y12','B13');
